Date,Argentina,Australia,Brazil,Bulgaria,Canada,Chile,Colombia,Costa Rica,Denmark,Hungary,Iceland,India,Indonesia,Israel,Japan,Mexico,New Zealand,Norway,Romania,Saudi Arabia,South Africa,Sweden,Switzerland,United Kingdom
1995-Q1,.,-7.36486782666091,.,-4.37777788228117,-3.38495663817786,.,.,.,5.06193317587701,-13.0622810880471,1.33770938716717,.,.,-8.1015724500037,.,-2.03682802864826,.,6.39048695933101,-5.95125270582512,.,-1.55568057834509,3.0560382793344,.,0.236911983239543
1995-Q2,.,-6.10155440482547,.,0.462873280839895,-2.82819128071639,.,.,.,1.58923347228158,-6.16845926006414,-0.562317413218933,.,.,-6.07883571020737,.,0.48033409346749,.,2.99060254284135,-5.27743123489469,.,-3.3451951570581,2.69552396709097,.,-2.82490249202071
1995-Q3,.,-6.79463084518185,.,5.76864149446894,0.249694100918633,.,.,.,3.26126615648529,0.908464979063126,2.30184638858965,.,.,-6.57465350721506,.,-0.575105692858868,.,6.82636791417195,-4.2709993195736,.,-2.33743823057731,2.05211373569595,.,-1.98130883718666
1995-Q4,.,-5.71395645885676,.,-2.96224303436358,1.41015989140358,.,.,.,-3.99185567708197,0.031023501572733,-1.9353836597581,.,.,-2.42829190401138,.,-0.175571400822646,.,3.65056503434523,-7.5495194219485,.,-0.0620641816688944,2.28579194129238,.,-0.356415195786565
1996-Q1,.,-4.69443075428415,-2.09753494088358,-2.90155945454831,-1.97406262143016,-1.13383777810814,.,.,4.90652319832775,-8.54322065510994,-0.598688938476703,.,.,-7.85385069793707,2.54574022323811,-0.218525524902257,.,11.7543168841998,-8.01629115268843,.,-1.31214418365353,4.76389589791652,.,-1.02157092868726
1996-Q2,.,-3.13773471365104,-2.41102757710443,1.14522638398115,1.57740558371941,-1.80301466565768,.,.,2.79402880082517,-3.23295276502713,-4.69322050412671,.,.,-8.00277776202681,1.83259358392752,0.313328094615569,.,9.43359205932423,-7.60314661165179,.,-1.91196308131828,2.56548855407967,.,-1.59710914329348
1996-Q3,.,-6.03528861926674,-3.15216166636309,3.40272807186397,1.8209346362341,-8.5938328157837,.,.,3.87957084278315,-2.30143516739534,-2.19978692087816,.,.,-7.57020947561739,1.94608022194218,-1.02241974089867,.,10.2848747942694,-6.61844801334302,.,-1.34887211781855,2.0167567522082,.,-0.989267332253974
1996-Q4,.,-4.12050822035985,-4.89898743397065,0.707412412114656,0.536977743295195,-9.64537058000415,.,.,-2.54282885050067,-7.13038781451403,-4.65960321563153,.,.,0.380452863548082,1.97892236238324,-1.93733789556188,.,7.93085917506947,-10.5467203580106,.,-0.475193754686395,1.71636089627529,.,-0.109830049710479
1997-Q1,.,-3.37104410670951,-2.76003491762423,16.1386471505093,-1.81708352730228,3.14828732581957,.,.,1.88362286596508,-11.5333885272044,-1.03414024943107,.,.,-5.30656847332023,2.3090451881381,-0.241513817424887,.,13.2580211421724,-3.68928127120561,.,-1.93747160930836,4.8633360523166,.,-0.060097121228527
1997-Q2,.,-2.20334810393373,-4.39911645319006,4.40445937804651,-1.75376979156019,-3.96416847232635,.,.,0.872080996814436,-5.34303454063151,-3.87564977199394,.,.,-5.40700725434588,3.19807439681098,-1.19292204333422,.,8.14891844714796,-7.76845524551245,.,-1.39293609336666,3.39843278451049,.,-0.132642551719944
1997-Q3,.,-4.90446679778246,-4.09449537831516,5.14150827127356,-1.87140776208998,-9.84148876644977,.,.,2.64015798364709,-2.60834545226751,-2.2907920711834,.,.,-5.27405042490258,3.14313054225739,-2.50800457785892,.,9.60268015804988,-4.3355008321683,.,-2.053747949739,3.81316311474081,.,0.254876725464961
1997-Q4,.,-4.4441951965902,-5.80254219557702,1.55120381482116,-1.71328820189982,-11.4694217470643,.,.,-2.29432393781095,-5.02945714557934,-4.63699885153428,.,.,1.88827166543121,3.84161787085519,-3.39971354692172,.,6.40045092760863,-10.7538000784937,.,-1.02603484022362,3.00592654298375,.,-0.483739334848889
1998-Q1,.,-6.10194366638107,-3.5755306794111,-1.84190518665661,-3.79751628887216,-5.28627321453349,.,.,-1.50978839869234,-12.5768404803419,-15.9666855600781,.,.,-2.86848857877116,4.11318628045715,-3.0876157726336,.,6.14178013653057,-3.12668316739961,.,0.398072619207768,5.90914951300774,.,-1.34997400965712
1998-Q2,.,-5.05829995513375,-4.25668924664004,3.41796143400745,-2.29743496607975,-6.77227562185051,.,.,-2.01664932567127,-10.6256711805488,-7.40561751580557,.,.,-1.05324209245742,4.04406000195227,-3.10200187370127,.,1.41778510796048,-9.35307480833269,.,-1.01538533321799,3.80528122296665,.,-1.00223267194981
1998-Q3,.,-8.03669092696329,-4.98710549819335,4.09865782884283,-0.0249407300098759,-10.1350494477914,.,.,3.1624853209536,-8.12850648601941,-5.99415457207598,.,.,-3.84126797156661,4.488293830131,-4.52524454422991,.,-1.54029584530634,-7.65535114305636,.,-3.98989841307929,5.17878459104433,.,0.915177932718446
1998-Q4,.,-5.60617873517197,-6.41424162895694,-5.97836419276454,-1.20673102718485,-3.53777435596152,.,.,-5.28011183767752,-10.5919867530177,-8.00734252705388,.,.,4.00347189144924,3.67028433880191,-4.39356969284472,.,-5.18799827043875,-10.2093618830023,.,-2.65418758872056,4.53663090687252,.,-0.205082856290176
1999-Q1,.,-7.07353798793101,-4.83720712454096,-10.1906341007015,-1.6734496398119,3.56831024425477,.,-5.7572951792894,2.64104237010527,-13.2426745957118,-6.97032137157092,.,.,-3.62815808304527,3.35881960738815,-3.42936281164876,.,1.81435606189755,-4.40001087846761,.,2.30759277906852,5.85177703202958,12.2278184112292,-3.04887768224078
1999-Q2,.,-7.26341520196779,-5.78496489249267,-6.77788826511043,-0.625836657210968,-0.401549552576367,.,-3.49498247121439,3.31486157750218,-12.2109591177263,-11.6205919029891,.,.,-3.08474398765845,3.58677509579949,-2.40287088604148,.,4.70217777991443,-6.75700169120837,.,-1.25998483459715,5.53153213820172,15.3722667273734,-3.26010053897306
1999-Q3,.,-8.20439923425288,-4.21342324332093,1.18427707011101,2.12924693349735,-2.48754169859536,.,-7.24652823584115,2.75147257204861,-8.29071280722447,-8.63257969694643,.,.,-3.58460507066544,3.81586071228507,-2.51801618312165,.,10.6565744819785,0.71898540809921,.,-1.01550642313768,4.43399991132,16.2634680265551,-1.93143694708832
1999-Q4,.,-5.31579879387332,-6.24874687279005,-7.14757898092677,0.681024199817819,0.0633383095753641,.,-6.37301937901106,0.71258687933137,-10.6383627518537,-7.903017680356,.,.,2.13063950317229,3.22840899518047,-3.27476267481594,.,14.1410576960318,-5.95693501747305,.,-1.89536233849116,5.60668855517879,11.1517178932542,-2.01131195448758
2000-Q1,.,-5.9938341718246,-3.46753576276316,-13.1356116570489,1.57855175624808,4.74421824435389,.,-1.81352698410307,0.409789593183133,-12.7341245510126,-10.1888554374345,.,.,-2.42606099479697,3.992883528195,-3.66147195070821,-0.407233238019404,19.6012201139371,-1.86116891925425,.,0.45891586707812,5.74558547515992,13.1742186193615,-1.12302757941974
2000-Q2,.,-6.16816741887467,-5.5539623293812,-3.01695209204796,2.41797032444188,-3.5617943030493,.,-7.02194138213501,1.10636635175696,-9.07972006417908,-13.787140538152,.,.,-2.18765264577418,4.06558034872127,-2.47606190054725,-2.79528267891671,17.2178953889725,-6.37836743717286,.,-0.0331781902350251,4.98277545122429,18.0276948320112,-2.36316640313902
2000-Q3,.,-4.80982058539995,-3.53276955554115,2.27748657059462,5.13651782172477,-3.71716951819532,.,-6.60925154505256,4.79106812308038,-9.70763664922856,-8.32661275572931,.,.,-2.29779056059376,4.225614192735,-2.69571831703321,-9.51410727768487,26.9357916175367,-2.12467574408099,.,-2.34361426834248,5.34324544081775,15.4749763713602,-2.00761524085704
2000-Q4,.,-3.37643317143778,-6.74421860062264,-10.9905388208279,4.30039023997811,-3.46248955920935,.,-7.30066150779269,1.60260838329972,-15.0043313401639,-17.155401181195,.,.,-1.12133047722404,2.73875168867108,-4.09475543136241,-4.6859718501344,31.7339612604179,-6.27848883865091,.,1.33157519292709,8.42789503596983,15.2302557229671,-3.27191007467006
2001-Q1,.,-2.90641774010111,-5.54508724606668,-8.04440517212773,4.17405065337093,-1.29580227336257,.,-1.05209337371838,7.23493231488563,-11.750303335372,-14.0238899254986,.,.,-2.38452268990804,3.41194855649942,-3.28584241065383,5.13474650957837,26.4726089467184,-6.23865366917876,.,1.48557254769,10.4196816214377,9.30581678000323,-0.65035614747722
2001-Q2,.,-2.19175493011217,-6.05143588239497,-5.63241563670326,2.94661556391315,-1.19584895845517,.,-4.18214824412032,3.910461038123,-10.1925362634694,-7.64539776769792,.,.,-3.87484536631627,2.24622588671105,-2.27441548418827,1.78808230311845,23.4583322923693,-9.91105528700779,.,0.735144398819018,6.06134076857799,8.3454145444126,-3.42596714417844
2001-Q3,.,-2.80504002575424,-4.18259975823427,-1.5058135449535,3.19180291411505,-5.94452488871791,.,-4.35944035398425,4.733844696007,-2.57352556097962,-5.02851270359389,.,.,-4.86385215477339,2.80635494233281,-2.09379271525971,-5.90742225431858,27.5065968449517,0.40020142339197,.,-1.6155304213115,8.84508179432687,7.18188397843796,-1.64031879832136
2001-Q4,.,-3.18701224406402,-5.28510077009647,-10.5125622335397,1.19591142179549,-0.130038033896189,.,-6.33803654897202,0.826564405662889,-8.4266982039145,3.91622826145418,.,.,3.6056234208258,2.53803742349884,-3.6913538119419,-4.70164941803571,23.5579464895592,-9.53946756184911,.,0.659412089482688,8.7422230640659,14.1569923579762,-2.73131852562228
2002-Q1,.,-3.19682392026058,-3.0792772752899,-5.41698156026695,2.29129893971249,2.30499987483165,.,-3.81239339460305,2.20868807589101,-8.31886705694292,0.214765946056589,.,.,-0.825862329524188,4.41267045698892,-2.26809295515702,2.32281382228491,19.0130606260418,-3.12823111816917,.,2.6993194892382,7.27760306629676,5.72291514692806,-1.4978894135144
2002-Q2,.,-4.41936678196303,-4.7112403705556,-2.6375039465441,1.9879976697697,0.101132108199357,.,-7.01057366689214,3.74359877121782,-7.14676230511218,-0.674277960893067,.,.,-3.15041951554638,3.49858844057329,-1.22844120197254,0.0486775920817784,19.4920115994876,-7.17961328486078,.,0.446413448111025,7.91617190592255,7.80583938345812,-3.99274926520126
2002-Q3,.,-5.91175860484632,0.558036115053564,9.91922656878824,2.98848572368847,-7.11445396461519,.,-5.68324550764275,3.63681342916427,-5.39107301213883,5.38593827366195,.,.,-4.09590927991749,3.51372934736608,-1.70436197666743,-8.42420611135994,16.5957105295341,-0.456055123985078,.,0.0707047764190414,7.10615737769872,12.6379120664249,-1.61311263863358
2002-Q4,.,-6.01767891367037,-0.777489978057089,-10.0432708427071,1.45676189567618,0.0989210595780424,.,-8.60051255746782,1.24378765755586,-11.9982685932576,1.12740217781316,.,.,2.96986604570525,2.94028660406227,-2.51476800324376,-4.84620070068393,19.1642050705859,-4.97354032336862,.,0.968657453109575,3.55182307185338,13.1335266346509,-2.28644686383113
2003-Q1,.,-6.1526055844418,-0.27268806888787,-8.19269846734989,0.746229002527262,1.61467498035548,.,-7.15165784859706,3.55397460306298,-9.67721292139391,0.339487573462644,.,.,2.29252354598362,3.85812055899344,-1.1545659868584,3.2455276546857,18.7661489003725,-2.18438030946764,.,1.51134950136971,7.15969581749049,13.9989042811636,-0.414563376877595
2003-Q2,.,-7.31080395099005,-0.0643929454719798,-10.2688702209905,0.0939071033345096,-0.290709761638898,.,-4.6788609811865,4.88211197122254,-12.0120832033112,-7.34037429884841,.,.,0.312761763804023,3.96170729620114,-0.317707553754368,-2.99838548493434,16.5958776704838,-10.852744122547,.,-3.10681356246219,8.03257051109225,16.0598289185881,-3.15816742404789
2003-Q3,.,-7.98945830947396,2.36079039537731,7.74571733065595,2.86266741050763,-2.32496440240786,.,-5.95427329717358,6.48743602618521,-9.11954882084301,-5.81489419589787,.,.,-3.91364140380611,4.96791605794169,-0.0529282837719594,-8.27135792092413,17.3040419123788,-3.27190284575601,.,-0.66523371593347,9.17514642882047,13.4909054345216,-2.83029703513592
2003-Q4,.,-6.90191146290791,-0.227932219278927,-10.3591497293442,2.2682473604754,1.94044784730574,.,-7.21785515362384,2.81032802846223,-10.7272570769263,-10.6215483457765,.,.,4.13708203527922,4.15376536043223,-1.10595955624194,-4.7385620920396,18.710175910302,-9.40393299465072,.,-1.34658472579107,7.45816019213907,18.8239320281115,-2.16755816500658
2004-Q1,1.75671728970309,-7.24229783354355,0.911440173021919,-11.6598308812536,2.06126580266044,8.54311448853567,.,-1.29271707169469,4.23106554630757,-9.92031019254374,-8.59286491692156,.,.,2.47434123310643,5.66208534834507,-0.742485636587923,0.934508720820247,19.0258577054383,-6.79603335865315,.,-0.357596770343711,8.06007688532635,20.2520148041449,-2.29637940817902
2004-Q2,5.36756992234036,-6.96095681980089,1.70940160625496,-9.11305308569749,3.37824026724638,6.90275016106165,.,-3.52142645032183,4.80428200851506,-15.3609774856597,-14.0480410078855,3.28061926165082,.,1.90292811314252,5.02183966422313,0.676660428090873,-2.99620098933197,17.1248505538764,-11.085377443693,.,-4.3458774585282,9.10882413077979,20.1205035500804,-3.50531250185532
2004-Q3,1.96274343728095,-9.66902654879583,3.43512411992302,9.4469433972071,3.91224879906744,1.84100747710686,.,-6.69639531797164,3.09285523424205,-11.5024594976358,-7.6813694725774,-4.03226370985681,.,-1.86387918780673,5.43344239589921,-0.195469514371885,-13.3584326849452,19.8194604950519,-8.6094576464683,.,-4.02647031388896,8.66173834319598,17.2880878535835,-3.90411296012608
2004-Q4,0.944882404959008,-9.14725416034859,0.815607482553395,-16.0149382665305,2.82479299784199,2.07511124476696,.,-6.02752292898998,1.14566900842142,-10.3811462077548,-18.9127852015052,-4.41039540688853,.,6.10587394267013,4.46647448505602,-1.9505370577337,-8.6273602079215,20.2496460023611,-12.0041486770391,.,-3.34805774717496,7.26970281971659,15.5810270073171,-1.21445670570132
2005-Q1,0.37464191178231,-8.67077965515671,1.43555693638409,-12.3985109471778,0.229015588992187,3.84217007209854,-2.04743461674622,-1.98237405335351,2.77739752514237,-11.9862252131691,-15.7206613283552,3.026301629612,.,4.39417533495543,5.15728622474802,-2.00632696655127,-2.3608649412984,26.228484199814,-7.54579164190924,.,-2.43540866424599,8.25251384545642,19.1698217210981,-2.1700678098856
2005-Q2,4.2682553731736,-6.81148194142148,1.16940418995722,-12.25230366515,1.23251289276141,3.9915791819004,-0.995199729025981,-0.808334244239032,7.00635550514973,-13.4979926859169,-14.0484922909412,-3.77880463911379,.,2.15590208449553,4.37444392286643,-0.0929906901219764,-8.00988468090657,19.2736498636622,-12.1357176337541,.,-3.58890701444918,8.18490428407104,18.3646456592695,-0.878527708678945
2005-Q3,5.08273102574276,-8.63172528595412,2.73369457516887,-4.76853450108084,3.74696367929213,-0.780710012858743,-2.96145518845088,-8.01406045571454,7.63128358817229,-13.4934363121319,-18.7702723853298,-3.56081361570086,.,1.42771289382831,5.12697451759981,0.0364600941859987,-15.6501351414313,26.5652127867832,-8.95033625577249,.,-4.44713891177522,9.59363683244924,14.3752657111713,-3.63763061452528
2005-Q4,3.8133945121105,-7.62402417551107,1.19281344373395,-20.9242931254368,4.63985258345061,4.05515001633569,-0.686634806777396,-9.09858008129572,5.56394111235434,-12.5230848208726,-26.7251199770174,-3.33349007093388,.,8.30245299186449,4.75419610434705,-1.09966909108746,-11.0446288143196,33.3437819335344,-10.7538098873248,.,-3.4708202815715,7.33099876836504,15.2617357144304,-2.75096777569492
2006-Q1,1.71967110240315,-7.29597467297209,0.464272854757531,-23.7085179250148,1.67359729909567,6.48338540762448,-2.15181538052163,-1.43842641942856,2.83859829684102,-10.731169603346,-25.5812860298025,3.04503363675966,.,6.83920738500716,5.81011437885682,-0.722386101168813,-6.31641280203205,24.5865988661919,-7.99222599256821,76.3673265507733,-4.76477445897168,13.5031790744043,19.3097587550793,-3.85196706585002
2006-Q2,4.18902880346337,-7.67643118355115,0.216812032612899,-15.9168685721965,1.43055161118055,14.449715000924,-2.306581218966,-1.76266989759144,4.71930500132185,-9.476677440972,-25.7658697895667,-3.0888200635298,.,6.23703161135158,4.24075030900552,-0.0460529824011726,-6.69902610735071,27.9616423504341,-15.0821364997901,66.0834509053154,-4.26997034205903,9.35877804907453,17.621233256682,-3.67541593787101
2006-Q3,3.33384804608296,-8.67169180182243,3.04283139138319,-9.38258038944404,2.47953180531674,6.57416096786054,-2.44107036680713,-8.47533515146888,7.10167795475459,-9.45471308522943,-29.0411250639143,-4.08532383289407,.,3.28258152284331,5.78623747186656,-0.0507294404163786,-13.8147854231113,28.9216457657483,-13.2914881400992,56.548334631893,-4.35595114208441,11.5532816754086,19.6837505219288,-4.32128467703364
2006-Q4,5.21742485923517,-7.99078487900421,1.07600423174486,-29.2949525647749,1.80338265876667,7.00639391853587,-2.20416839137623,-7.90783907014597,3.86953079670107,-9.07693339452317,-32.006708919101,-2.15622537896088,.,6.65064638674728,5.12751697463764,-0.761552967356397,-10.2778019161619,27.9987313115794,-12.7688158154588,32.0077322421804,-6.69864269504886,11.8252730109204,20.010270602611,-3.112700575711
2007-Q1,1.22569432720862,-8.23900879065511,-0.221478124727899,-32.8632073065526,0.616143609879473,13.6828714967157,-5.88005751130807,-3.64982784104799,-3.18078161119078,-9.18728731463721,-27.0756611098631,2.50315941013895,.,6.11669641973713,7.44192845062413,-2.37518407259482,-4.2898174744255,17.5278585381023,-13.6506835108577,40.3332242225702,-4.00596060915858,14.2563417166799,11.6791984392913,-4.70557050040447
2007-Q2,3.61149396977305,-8.27324387277968,0.456446516029514,-26.4181713892954,1.93484384191771,14.160972956907,-3.53164173123092,-3.27747104553819,2.83879174027033,-10.7747930997776,-26.4959366780878,-2.52372470062013,.,10.2910319232266,5.69286815199663,-0.816467213984558,-7.80406686824291,14.1982932197041,-18.4336144825164,39.8790652813012,-6.22588361483246,9.98838222480396,18.2084742897447,-3.48425826623029
2007-Q3,0.791711941949923,-10.2103449110103,-0.0229536455169795,-19.6100468927981,1.15628355178316,4.83824936095909,-3.46158653064723,-8.37763170693812,3.64691253003053,-8.51785294639252,2.61317095488596,-2.3043889113413,.,-1.83456919703271,7.21871622124221,-0.328743190899434,-14.9234840632882,24.5318544091424,-16.5105877214864,41.5812328345313,-8.07037450139024,10.3755556333345,18.8673383284206,-5.48904196186931
2007-Q4,5.22911824795256,-9.6314773816569,-1.02959387048748,-38.9522429859653,0.377577901953246,0.695820098601738,-2.36889400487103,-11.0052705654889,4.43380531228394,-10.1800853120729,-17.6521874922893,-1.61678320887534,.,1.19622793030292,5.28811370894384,-0.837312113739699,-9.0379407507471,25.7721547929806,-16.7151150262221,75.3834812126357,-5.99189379312048,11.9877044204842,4.38223103775692,-4.21550872299774
2008-Q1,2.06203116843841,-9.1906799284486,-3.75317950633094,-27.5992317956244,0.617886419410467,6.43616617690501,-2.88188206470425,-5.26934020420929,-0.290157296805857,-8.93123519579749,-20.6778624489095,-1.56819198472137,3.2027921848736,5.2716888697364,6.71428896028083,-1.80120567087486,-3.56069364150323,25.5367729644426,-14.2258418495551,68.8588879308108,-7.14202886724381,14.4359726158076,1.56944983473973,-4.00573334441919
2008-Q2,0.422339011066969,-7.245930056342,-2.25257781665978,-31.6248784603047,1.58154172646116,-2.85543221792738,-2.24297462008953,-12.7786262561057,5.76375842738901,-7.42448664146889,-43.250275850519,-1.68126924122073,-1.07599635442529,0.501230073489579,3.37675197180882,-0.806779492095797,-9.64664114597783,29.2173242028352,-20.7035845955565,92.0432777731104,-6.36453338033114,8.45665893082529,10.8263736815794,-5.04908417052864
2008-Q3,4.0554528183255,-6.2983385846124,-2.30262369336605,-14.1904868964674,1.68803209965285,-14.3505648282563,-3.36470032663506,-12.2537190391367,6.63762152048675,-10.245193499598,-34.100390252237,-6.27490274876999,-0.960770690406518,-1.02814042610507,3.87292909420477,-1.43102634245006,-16.5959530013049,25.8748183284621,-13.8484686407546,78.0978238997333,-8.01122680962522,12.0032808787343,-3.31573102665393,-4.50324757743716
2008-Q4,1.16951607526708,-3.83058582687523,-2.31100469080455,-31.805968532571,-3.29302304666711,-14.6646647610205,-5.11525560905304,-9.65162090057001,3.77170851165087,-12.3094118890107,-11.1550251576915,-5.573869231927,-0.720443220877222,1.90535284163971,1.41212064655103,-3.16984606667143,-10.0962161873598,29.2824362498269,-9.75636868728854,4.2463143722751,-3.7500177952031,9.65049340136521,-1.12534356385815,-4.800407537831
2009-Q1,1.83646933755547,-2.40847038668568,-2.37691567454586,-18.4222360215985,-3.44002413964986,0.396257692537153,-2.3961442497251,0.953134642405526,1.49645632777666,-3.75731083028898,-20.9275623861015,-0.194463237782025,3.3908145288841,6.79054076814859,2.46212107578298,-0.863494450162991,0.039486673244599,12.3500812145541,-2.83437740421024,-6.18353693582623,-4.95234770647289,8.20688819487566,-5.26271402309762,-4.67869360064338
2009-Q2,6.5395934797497,-5.9800636188614,-0.961420887511692,-15.7834524184644,-3.68648084712313,4.51469531882256,-1.7347531303676,1.67610614959928,5.1850406062509,-1.11875714441346,-12.0270299172244,-2.08795432084256,2.58528009894229,5.12033571136693,3.36551925256826,-0.138424495540102,1.11066398390342,21.2180327527727,-8.68287324536747,2.47921156321486,-2.66256814028281,9.75630662950099,13.8339520067185,-4.37394405807704
2009-Q3,1.06258034021559,-7.86797806899639,-1.775790971569,3.4160831849118,-3.97915790544198,-0.067007043410864,-2.63144382728598,-3.72154256915289,4.13790700041789,-0.0139045229413826,-11.6247645778145,-4.48808103001534,1.74949749237198,-0.871067565907109,4.555291364337,-2.19367396280003,-4.20014318790701,16.793106411964,-4.93196192314179,17.8917064078249,-2.59895079691742,7.49337696232082,11.0717730440258,-3.29836505151073
2009-Q4,1.55257902752112,-8.46149503709817,-3.08726400950615,-11.0583328993216,-3.66543439338389,3.10357621690561,-2.54231403754215,-7.32891132611695,7.74693369363866,-1.83325473177143,-2.90163922883648,-4.85265230069227,3.25948823611615,7.64442545879594,3.86623554804149,-0.521007958619088,-7.66168901963925,21.2667796618532,-6.59809421690412,29.6175443054483,-2.12870682155712,6.60768135686623,14.6808730103032,-1.94746125139239
2010-Q1,-2.15082691979791,-7.67046062303039,-5.85505317056943,-6.00472054703636,-4.94666413998569,0.48116319408873,-2.46189458055827,0.912873440866438,4.38664998183699,-0.318715822090623,-1.22826335306352,-5.06235881760973,1.73065605462823,6.3772578300342,5.82093658656724,0.227021038045398,3.6712861658157,20.7107364259981,-7.16210392269802,28.0711788545808,-3.58453467242437,8.60149050222467,22.429294844215,-3.03570996598063
2010-Q2,2.4794019077577,-3.01386785699774,-4.67627636397125,-4.45764373232799,-4.34739435327854,2.08848476885119,-2.61948449024115,-2.4594849315364,8.09645399565891,1.43592200076573,-16.4450062375584,-5.32125610293486,1.13970532898524,7.90854613861611,4.52577308573374,0.220224718277723,-0.30000517249785,17.716654894197,-10.5527261607734,19.8628523945809,-1.39226622746732,8.16769769513281,17.0271250710365,-2.32800321384901
2010-Q3,-0.613276964464638,-4.85875027630822,-5.39270441990838,17.1328907853567,-5.65679251520929,-0.530871534341126,-5.4896424120778,-4.80609846948065,10.2006622950956,1.22442581691017,-0.411123327522653,-6.75257690608979,0.81437894166169,2.47942077427591,5.73290591732001,0.00851436456642816,-7.80837709847715,15.0191620875802,-4.56079332481757,25.8571811121744,-2.85806326775257,7.51955760438481,20.8854069540165,-4.24639029552214
2010-Q4,-1.70903993013821,-4.68647291040379,-4.05190607171066,-12.9070209477393,-3.46382110765215,2.78220121948103,-4.13797653608119,-8.48902078872844,11.1830349218371,-3.06303490080718,-13.381370707253,-3.74078977176143,0.629766118496049,1.46779196204575,4.14282098753339,-1.93165939647634,-6.83467251126435,20.3994273844945,-3.56013192156804,33.1397086995237,0.927620142895604,8.14186104667186,20.1059205361279,-3.29530909053849
2011-Q1,-2.31285678666166,-4.87320997049488,-4.62429269250808,-0.862775100373219,-4.19811897173032,-4.98520370930857,-3.44760270723197,-1.95635178903376,7.17314357075824,0.537534024054372,-11.7868724817636,-2.01774876458984,2.29599464674183,5.28822993583943,4.663248233943,-0.867832008838009,0.918257111756234,18.9591596885559,-3.10038749836883,48.8792242046396,-2.43616042983976,9.25856264416154,12.2067555620019,-1.15385501627749
2011-Q2,0.475460066612867,-3.32488120006542,-3.58424904621214,0.602531659096981,-4.35857277055705,-2.90067362647863,-2.65650759290179,-2.78866880796571,7.84844407585711,0.663082034658298,-7.23882990086032,-5.60347009221195,0.194884293986519,0.276690588831085,1.88232054353988,-0.663457174341221,-0.795956735196157,21.2691018175401,-11.1524715167636,49.3658234359943,-1.74558940096678,6.53827482541205,14.2875938230891,-1.20106171194274
2011-Q3,-1.38629081165029,-4.43056258914379,-3.87676555798429,12.0511749582876,-2.94852965130203,-11.2443093102043,-4.54751922419981,-10.0527740883201,8.7000657624695,1.619489193271,5.15322495473082,-6.28398738341742,0.502965730226491,-0.43363316482745,3.5264336987776,-1.6736914261088,-9.65921476412277,21.8822034877007,-5.94522955161353,50.4544284439046,-3.9673738368521,9.5220995483926,6.3372891241907,-3.70046291051166
2011-Q4,-1.90269576598261,-4.13105310657039,-4.15457611866425,-8.49083292372842,-2.90770013548388,-8.51758779267102,-4.17756917614677,-10.1741951760479,10.1145760071284,-0.612282490297583,-10.8638059374601,-6.823250716886,-1.48593320598889,4.02770144476468,0.932162774594115,-1.00958624628478,-4.51080786833796,24.8001192172305,-4.35130028395006,63.5784678740454,-1.77644700593909,5.3440890188471,6.08625791986474,-1.60579475261611
2012-Q1,-1.59507704410675,-6.0728806661582,-4.89956385278496,-5.33101359109394,-4.44654688641125,-1.91388836178752,-2.71400071361874,-4.70130426809835,2.84919331219519,0.205097671405028,-11.34117234308,-6.79162055851507,-2.25869661697935,-2.49846067042279,2.20589132917276,-1.92100671585091,-1.08081431225882,28.3055121333929,-4.63771419391316,58.8184248875722,-4.82665922504644,8.50028681949391,8.73834531965451,-2.60293955881928
2012-Q2,0.40772928381308,-4.3353746716295,-4.50973643088006,-3.59372093023256,-5.34286050276883,-5.77597721836852,-4.52682853582373,-3.52048202124871,10.089101381519,3.22857862146177,-13.039875614354,-5.99135098446457,-5.42716624609525,1.62691241679409,1.16159617288637,-0.409054517655201,-3.1502040040414,14.8540098302901,-8.55782646692959,47.3324833148372,-5.68247285769352,6.56003033075168,17.8995573146137,-4.38020627377048
2012-Q3,0.055178566234812,-6.89233132676991,-3.99805556776676,10.9328807907557,-4.49933350765108,-13.3228189409585,-4.97141193823527,-6.34358334891149,9.58056629379715,5.32980438163742,9.01506122045024,-7.08865446692018,-3.46583474756709,0.964865454421288,1.65290526300205,-1.2788971233966,-9.84763851661459,18.4553714002533,-6.69394558746614,40.2194150547022,-6.96512210284769,8.11977773939766,12.2499834101289,-4.30412343017329
2012-Q4,-0.770721232775896,-6.57018053230492,-5.33954163526716,-5.79635172107812,-4.05881530153266,-8.10487081846311,-3.63704171298339,-9.49710617162941,9.6572378111344,-2.52113980019244,-3.11193706292456,-10.0416344945541,-4.92562230850212,1.83516075994802,-0.0432178953691261,-3.22302922007004,-5.84907794865585,20.9622445325544,-3.81346830785141,49.7182420383443,-5.09784972689485,6.95137221781279,16.3900931183492,-3.51638185334578
2013-Q1,-3.2090369774993,-4.34686971941568,-5.53698458803178,-5.44725809604685,-4.49333168392142,-5.86963934578457,-4.7077965673336,-4.47951620573644,5.25618568174715,4.80447511099295,6.95623014254682,-5.45229013946337,-4.08886849799961,4.96026165398235,1.65201284019664,-3.1622192934172,0.257057057057058,17.8251740523815,-0.383885935351411,35.5261555664756,-6.78545242938762,6.55096249597556,10.7449732360181,-5.61175692587261
2013-Q2,-0.249038928046119,-4.1080496140929,-3.69199668652701,5.95613355870392,-4.90073970687985,-5.32650610725059,-2.96170832062322,-5.62184424890682,10.9663262798881,3.09894608076157,1.53743776273189,-6.80100927595215,-6.49699917176296,3.10741676624316,2.14696521610269,-3.34316696558414,-2.81900473290248,13.8753705401889,0.436030056887329,30.8739032979211,-5.99970078938042,4.51214873814212,21.6499137370834,-4.21414934234736
2013-Q3,-2.35362190869622,-6.23337409770147,-4.94777653219113,12.1637882625958,-3.63771506562884,-8.54797442207381,-4.89075868864344,-5.93548681119984,10.8931479930072,7.01528938416378,17.7992533673902,-1.72307367360855,-5.61214129969996,-0.404153661119059,1.78926362285653,-2.05688835713847,-10.5812423417443,15.0674349528218,-2.52421110107781,42.4394721214998,-8.70249337661942,6.95690931834194,17.2640986269621,-6.49385257812654
2013-Q4,-4.63405935824802,-3.85193207419588,-3.62679019952187,-5.34081772124667,-3.39877782665313,-6.36100620218683,-3.76563762885135,-6.80260766620054,12.2951411456507,1.9792119203047,6.5338774308295,-1.30406202510367,-2.91184182605949,7.79905340072243,-0.985828665890979,-3.0478455013903,-3.12318012216101,19.9428002346414,-2.99696499056656,36.72717588247,-4.35284851273845,5.4152397260274,10.3229229862542,-5.54075271351288
2014-Q1,-5.38850914834349,-3.19152303355492,-6.62832796404254,-1.44074939975405,-3.19069180148779,-5.42391158460082,-5.91375327163766,-5.64203154873455,6.61379459040748,0.203566787668535,-0.269143425730128,-0.373137314590495,-3.62389127253225,7.22386928606865,-0.471209397106326,-3.33762185013086,3.38683382700743,25.6893643922735,0.715559617438278,24.7599697975374,-6.01154255071458,4.25412615083366,7.51355229217958,-5.03337846965228
2014-Q2,0.559810268478776,-3.74546060278827,-4.20817297716283,1.7943126995991,-3.33171604493301,-2.54325182094905,-5.4622830948003,-5.5028572300176,10.6242751129824,-1.63082727881474,3.19698155798851,-2.17358815482415,-6.55519498660662,5.65234077720418,0.85590041135284,-2.79613056023311,-2.4355332407344,14.2516369202087,-2.80985376629452,31.2409998386078,-5.9776681299955,1.79387527197702,9.78117348427777,-4.41635718588258
2014-Q3,-1.58268918950065,-5.68366666813256,-5.09504801653729,13.8720195222505,-2.53898250130338,-5.80893878158002,-6.42311439776268,-6.56756197145778,13.7991656709175,4.85319940742146,12.4567540877457,-3.09561864891762,-4.60775639749119,1.71943067268468,1.99357128321744,-0.913213687760104,-10.869989801263,11.752551235557,-0.768999058043393,16.2263329183741,-6.67541518382333,6.17865194055644,7.71922810752653,-7.38324235941052
2014-Q4,-1.58344010538712,-4.10231244855486,-6.08920832621604,-2.86127863530016,-3.14540605499388,-4.91844947708584,-8.01326979304242,-4.98871543253698,14.5522142588979,1.09122062049586,7.31000036717361,-2.19855498305522,-3.77889807289051,7.65422317357435,1.5127800642469,-1.84900234441331,-6.06280895702377,18.6650869188248,0.989335278052782,0.148493601995485,-4.58763866761465,5.53586892558968,18.2276694981522,-6.90692178425568
2015-Q1,-4.3599961297603,-3.91983585258227,-6.52047389461474,-0.662387757023343,-5.44906937325982,-0.771955480526654,-8.57520239270014,-2.22156481628339,9.63753883670671,6.56398763461052,2.79551677171209,-0.195567097755543,-3.12030016717047,7.69471631296278,4.34590540942353,-3.83784075339587,1.91191080693233,16.0962476192376,5.00768903855442,-8.92436394041717,-5.44012144892426,3.30649221314069,9.13905254741975,-7.03133838705767
2015-Q2,-1.75415737889538,-6.19355704163244,-3.62944699543403,-1.07099497032897,-4.67454680373759,-1.20902895328401,-6.85250909268261,-3.82349322067376,10.7313599567604,1.6495205690276,9.21936875990021,-1.70467917845484,-2.99525958133753,7.64343549180556,3.83703189740654,-3.05976103781779,-2.44953742653842,11.9833990231789,-5.03203805629607,-5.85806072415919,-2.89217143270673,2.67121821953811,15.6113918586342,-3.26042567818015
2015-Q3,-3.23152620547806,-7.74794772404046,-3.56430493314762,11.966834283806,-4.3052504094814,-7.6595208092077,-8.8890536195761,-6.25824997295131,12.6748611967161,3.60913234952537,14.8305228415627,-2.35484957726828,-2.93546050674785,4.16140859263381,5.01806048638546,-3.22890630708303,-9.21235505337157,10.8927608506928,-2.21265133874422,-11.8161339002967,-7.10842341674203,4.90736368407682,18.1381377317854,-6.73981919385215
2015-Q4,-3.80300242799299,-6.97131003562617,-2.52609095230644,-8.61302615517594,-3.41491696468396,-5.02859692006851,-6.35081301505532,-4.34626858017703,10.5860932623749,0.801883383894182,4.08882793473485,-1.91643326487712,-3.0740675954738,8.96744527983698,3.14789983888803,-2.67752397265524,-4.66901436437093,9.15481950003672,-0.743365968679675,-18.8840861150743,-5.47829490439991,3.38113743995073,12.2171223131991,-6.58624220822816
2016-Q1,-4.69614360003026,-5.07817072587097,-3.05213667156037,-0.012595667435604,-5.14704192668547,-0.841916396455024,-6.8970674291361,0.217715027489356,5.5928348398938,7.24772295952537,2.23564895518988,-0.086434520138532,-3.25029900518278,6.75934140236132,6.1051064105805,-4.59939229209144,3.74419586323344,8.03398175350099,-1.05952594827375,-17.0054855057,-6.55311823829173,2.33190037547042,1.88185334318764,-7.0299332528888
2016-Q2,-2.41512273787205,-5.27646177821655,-0.937829296989477,6.71064188278237,-4.90701081612601,-3.4534963263532,-4.78721872543752,-2.63589037282833,10.7757735216448,8.54445588622859,8.26385238150818,-0.101941190573626,-3.62094759154174,5.6359048540434,4.83235682812816,-3.32016745273006,-0.689146931623133,3.73625341576317,-6.38805206401261,-6.16120796130629,-1.17230864178573,0.427813125733407,13.4457614960044,-6.19993287663147
2016-Q3,-2.48891363034543,-5.74287091568933,-1.89609889716574,15.358889822221,-4.27706745500231,-6.10837183696753,-5.96956257132558,-3.72215747044442,9.10824632874705,8.44721262290851,23.8792470755702,-0.87028473629611,-3.05806391455152,0.262760750833479,6.23445653456771,-2.19603144885076,-9.42235588074845,3.36227718376837,-2.23563211024021,4.27682391242193,-4.89684084224967,3.39265907283695,11.296328031128,-9.41285720697147
2016-Q4,-3.59944924684946,-2.08764771728961,-2.19755591634797,-4.5000573364499,-1.32554811938899,-3.02103497770239,-3.96600188863398,-4.40503163432134,13.4980405988129,1.37448618309515,10.4363323533543,-1.92148883461461,-1.05882474770365,8.73866271218989,4.05137459635874,-1.21229507856011,-3.8273962955221,7.88721434497657,-1.26236160268667,-2.18873230957874,-0.632431893958263,4.05701114206779,18.3942616264937,-3.36849615180905
2017-Q1,-5.62996036221392,-2.19961137389251,-1.8222181704706,0.00587767690875233,-3.68310242088537,-3.91947560438147,-5.82191162350616,-3.81868937884839,7.59299602091664,3.04738803522986,1.8655794174296,-0.621317351940384,-1.29276951687325,5.85805453734042,6.36967724686161,-6.20446274355926,0.865961647477373,13.030895623684,-2.37279236547235,4.34962915886432,-3.70348210170293,3.15391492074349,2.00234780254844,-3.60053988825572
2017-Q2,-4.59226277997991,-3.30586510261503,-0.0317635862499793,3.27890024689457,-3.88638314383153,-4.68953475992537,-3.79961214956889,-2.77118815889298,12.4268617157255,5.4117319039318,3.87758217012615,-3.39229831030169,-2.64060935482202,4.88155508635552,4.66000144043306,-1.1512654613056,-0.882286827574411,9.40013255386531,-8.00664621059994,-4.60971355427745,-2.15861115059037,1.80907973259647,11.5469865630638,-4.89413292013047
2017-Q3,-6.06433488149146,-4.84783193921987,-1.68617119106857,21.2103648754097,-4.06188452506597,-3.64035022388808,-4.021969333338,-5.22925796854168,10.5258319544034,2.9695899343011,14.9497918376499,-1.54982535372518,-2.45545185226902,0.978404194972905,7.27246733642659,-2.044663643982,-9.32315372164256,6.25862490296984,-3.24024522479799,5.04701957608158,-4.12563497606906,3.08475580540509,3.86336505593322,-5.60705806500451
2017-Q4,-6.69969844288821,-4.76369408047041,-2.18321697292625,-6.15331785956185,-2.65059807885555,-2.31149505344146,-1.99832327339166,-5.85733565761271,10.3344014593637,-1.01800488102688,2.47681471471311,-2.89352658927523,-3.09838215793144,8.02449853899243,4.0811150940784,-0.10208429452583,-5.18777626843479,3.50978086839343,-2.86971263181984,5.15199245805877,-1.63994841329444,3.25418481546136,15.3860966422131,-2.78095212454171
2018-Q1,-6.82973096146107,-3.32485925392938,-3.93668749367173,-6.4876767076951,-4.14693994523662,-2.39180425516982,-4.60087544947619,-0.338988938883636,4.4010914525615,3.40997955025502,3.43051267188379,-2.72002045071598,-2.96457117597279,3.38657261067575,5.91476228425502,-4.94518484330404,-0.459048079232318,15.0430895547235,-2.67313786764262,8.2480271542399,-6.4262321739021,1.86915548629621,7.55473109239575,-4.61963448957439
2018-Q2,-6.31051570200475,-3.76518298020944,-1.73460779300386,-2.22826362479102,-3.28865419588823,-5.68739440266921,-4.91042757119321,-5.0855588469286,6.76095153011009,2.18535605070975,2.64358210692879,-3.31994838689571,-4.53552728228943,4.47710493272532,4.83298128118728,-1.59733835872991,-3.62611223699604,11.8264660591557,-7.29352902005428,15.4005867255433,-1.74643121938077,0.810416893058355,13.6012636463107,-4.19497220959144
2018-Q3,-7.20235459303137,-4.24894614650404,-4.18959801267278,16.0419851766273,-2.19163875121638,-7.90822816410529,-4.94506238391088,-1.97184126803461,11.4940500951493,-0.902376799041471,14.9488951064924,-4.0757206292472,-4.90803637779541,1.75491037187241,5.75783938192579,-2.31351916126053,-11.4352211012671,15.0509461930622,-7.66919714389433,21.2859787967945,-5.02018518288999,5.49358396565796,4.84991808070624,-5.42593848317095
2018-Q4,-2.0431017713981,-2.46491249257092,-3.38767053297345,-4.01817577958049,-2.54469477143162,-7.44037806479168,-5.62917131961971,-7.46276969975783,12.1121225572493,-2.63876247037992,2.23501795074531,-3.75702358886138,-5.33933834889426,5.88588046931071,2.48488177321269,-1.66144646640886,-6.12254901972206,6.50229157448393,-4.91333146607866,11.3784234937911,-1.13764184690153,3.98938858283676,5.73188807515091,-4.62032564355149
2019-Q1,-3.47349532102891,-0.961880500579375,-4.02058246551638,-1.42755283382536,-4.22966352053483,-3.68659788470298,-5.95148550415707,-0.352016203745783,3.9925503892146,-0.317592819401398,10.4067191685255,-0.962851643728336,-3.78936385953891,5.67919780273153,5.79116697474209,-4.64358633446851,1.06073357177923,10.4386680930097,-3.72423514084423,10.6383555639715,-4.98770956894313,8.24849344329132,-2.52149787897781,-6.20245915360515
2019-Q2,-1.74727403778755,0.766343948635979,-2.26385860987233,0.472219242412656,-2.14502297783373,-7.33752902026368,-4.79107116122729,0.144915050932712,13.024784905602,1.37781887664337,5.01983411838135,-2.99036798333704,-4.46651002243633,5.72842230470445,4.17837385958551,2.00604893009124,-1.95691143279703,3.73662855632986,-7.55444998745283,8.57954387210781,-2.44826580717922,6.61616183745274,8.89432004530912,-3.08050603176537
2019-Q3,-0.908043128310731,0.229421560768374,-5.44424544412383,13.4054595937553,-2.94637635093269,-8.27571003323452,-6.46204373736674,-0.895860865019133,12.2545464446518,-1.87520397292212,13.8058165155256,-1.48638490815046,-3.93145959438039,1.32363403522557,5.36809016583599,-0.0997859192680643,-9.93794921264821,1.65105107489529,-8.07270933717134,5.48633651583914,-5.56459919381847,10.0611024455556,6.5926918016325,-4.30589447544195
2019-Q4,3.09507435012962,-0.184865727743322,-4.55222650352811,-3.0257784033967,-0.771993106480979,-7.82953630071705,-4.6592156935425,-4.44904388289403,11.8809143010988,-2.60164082711993,6.17114590856454,-0.49257660081145,-4.0192082704742,5.36117840750624,3.27446401452024,1.06993725294798,-3.94895965716281,1.3321914399076,-4.86538006321925,4.48963496703445,0.24013165310983,5.02986538666622,8.97968221467705,0.43826875446035
2020-Q1,0.132324133415347,1.38773785283448,-5.48696381625501,2.06885677507162,-3.64050399522611,-5.25101955719144,-3.78015933191264,1.79879790360539,7.2406326317241,-0.504034011757129,2.96654419855012,0.116565110884481,-1.84957250814465,4.11876163911172,5.21313097644243,-2.82683428850659,3.50932764283213,8.86636165143143,-2.85310346000324,-1.90187139618449,-0.86975217975625,9.62578257587367,7.34952102926718,-2.09507918846017
2020-Q2,3.72497312273132,4.59353461948843,2.08999980961663,4.22293369694984,-2.39243560904634,1.11434789762656,-3.9569589855753,-1.6959506360615,13.3782799368579,-4.89305165291074,-0.806291565904715,4.87869983042589,-1.73420518258729,6.35073744797845,0.908741779195795,-0.197714208445154,2.39752918389782,-4.35707150254882,-8.01672832790951,-17.8174987196138,-1.12791995012499,8.27876359865607,2.94936352076799,-2.83752374684785
2020-Q3,1.54094513526984,1.13257590324402,0.248683473116822,0.94334439646839,-3.49342279176552,-4.27797658589491,-3.58192343449396,-2.20440549408186,12.4282056808699,2.56213293745765,2.54541632844286,3.38938470820192,0.548167655814745,5.09212686914214,4.96824229781857,7.95639180162722,-6.27904412264189,1.21466986110878,-8.08751111054971,-1.19767542165511,5.62349539118361,7.09996387935705,9.09880008264673,-3.1495345016582
2020-Q4,-1.80961672673846,2.8495523875719,-3.69845583384205,-3.94673100230985,-0.676681907906098,-1.69849224233431,-4.1792056902563,-3.45083202673492,7.61770032853472,-2.09051833894443,0.798044164555354,-0.408224236859491,0.435575139801265,6.91415359357531,4.60392593341526,7.09788137826063,-4.18768622485569,0.474774510054424,-6.18317176960729,-0.345713327814745,5.24056812819644,7.55110333552243,-16.1022002887905,-6.11915014467011
2021-Q1,0.464008549869422,3.83032048205619,-6.80294409737685,-1.83511950255735,0.587783882747304,-5.60766370121658,-4.81932060960058,-2.29388822141605,9.51112705417332,3.22086693943657,-4.22214335700277,-1.439458288781,-0.626197986976792,4.18801224715392,6.25108561118068,-3.77557839213375,-5.18115062422533,15.9692973237765,-6.40270173745368,-0.57615591588334,3.03238978905746,10.8251023210834,14.7693348263543,-0.80259170229704
2021-Q2,2.63652623131242,5.82932099935551,2.80380155565116,-0.618717485552031,-0.537468397509727,-6.86570992709508,-6.1209941993557,-2.398872617385,12.9328145806827,-3.89589945003219,-5.92002947961351,1.35997714372298,-0.996282421505433,3.89629019730154,5.33319302029642,2.33635485430659,-2.13730757035689,15.5924421132307,-11.0212444014997,4.30740857951178,8.24122267411311,11.3441627717338,11.4117825347687,0.876933730433971
2021-Q3,3.57983015617075,3.4910680941118,-2.31429000409376,3.03371978068123,-0.546753147052721,-12.7493513659239,-6.97365955125555,-2.46268657975278,13.458723666588,-8.03162239339789,4.1889971151791,-1.80525223940479,2.63147411664792,1.88510084983246,6.06697840232899,-1.32429906055381,-12.9075660398629,26.4561103646581,-10.6198470811432,10.6202711564327,2.97238317627242,7.90607440672353,19.1125273839489,-3.42403811986881
2021-Q4,0.311979483592345,0.611262596324838,-5.80637061097209,-5.60659501239516,0.416660440349743,-12.3616084335405,-7.26631353701224,-8.43917556241343,13.2707321072292,-12.5148265862653,-7.94529534471688,-3.60391192457899,0.726255096097209,8.03956210808839,3.30146185524721,0.797379012473112,-10.1565760607445,39.1657980009219,-8.18709547535903,12.6068416333365,3.99954586457682,8.10207219771166,0.826448656287248,1.16713583863667
2022-Q1,-1.1700084473618,-0.411696271676408,-2.84384870438926,-7.89396364974301,1.10425185090456,-8.55313509186144,-7.44854414077018,-7.71767300292545,11.5325287500426,-6.26611063161549,-5.45014471745564,-2.14867652319215,0.380636494664369,3.89450906867199,4.73244259883774,-4.19590581704809,-9.05896457229359,57.223155061746,-11.6741270467039,28.4879340805214,0.640547702261233,8.2127168163108,15.3756845177136,-8.40129083996369
2022-Q2,-0.797027891427987,3.58678612703535,-0.221952988382396,0.187684204551904,0.552529839388216,-14.5383451129399,-5.89790195430846,-0.379823876296129,18.7446183405882,-8.1022510677186,-5.72888780023071,-3.02828678040725,2.11991763370598,4.54935528710807,2.12527487219837,-0.618508042502437,-8.43936777873273,46.1719332689861,-13.5689024045912,27.2720497554103,-0.0545884534343762,6.23510269537854,10.9656081730355,-3.67700749163716
2022-Q3,-2.68088866964014,-2.86070154249344,-4.68752651549425,-0.357686434760576,-2.35189410379768,-14.3336831089467,-8.22951743123903,-3.79820280516926,25.2796751017718,-18.3858012462258,3.13162469670395,-5.29637664610329,2.33216193064681,3.21970007710813,2.11015374886217,-2.00186424084444,-14.7780888685536,83.371542817181,-15.1293798430065,30.0552741552928,-2.10545223785593,4.42458631662305,20.5075594342131,-0.920924433436258
2022-Q4,1.42913444340164,1.42629637316233,-2.9252025163405,-5.86567128216983,-0.819871864395762,-8.04905724493708,-6.07645820998322,-4.31326743161005,15.4517837561497,-15.0689390940534,-4.42377428550578,-2.74986841421364,1.69548720164137,6.82451766593144,1.77236934819638,0.553466729556772,-12.340456834974,42.2377900014727,-7.03144114560981,11.6647770974423,-0.805465201161691,7.59818686600432,10.0447672803714,2.31273780731315
2023-Q1,-4.09969676640783,0.642346301366892,-3.51743542927832,-5.13220148085638,-0.887796716644272,1.60450722158492,-4.18579318965548,-2.02225376147525,10.5268684312921,2.30968187533454,-2.80589136388977,-0.218490545061194,1.49203707184506,4.3198062044101,2.32206440480278,-6.25600781893453,-6.02707140169603,39.188419928748,-7.45474306770696,9.41366577248465,-3.52101079146449,10.5166096383509,0.132355463127093,-4.47018744299211
2023-Q2,-4.3564410699507,0.715342975556121,-0.581001847639127,1.53585193716415,-1.81387894980866,-4.82127298652912,-2.69131974169449,-0.563706839329451,17.0848076469442,2.46949078177909,-0.923298582459882,-1.48207962778265,-1.0764374732093,3.76856207485055,5.11748820680948,0.583618449423487,-5.30631756936383,21.5139754799671,-8.97913407977587,7.29084535983017,-1.59209073140496,9.33902867698849,9.86245663063582,-6.9038028721837
2023-Q3,-4.66240361078386,-3.53214726825569,-1.12864785727472,0.0626323849911277,-1.99820611171319,-9.16892328213941,-1.79744814457273,-2.57489561794971,13.4099711110945,1.00845035596363,10.6745373484412,-1.80696649162176,-0.594188863934314,1.79291915406484,7.57665452227133,0.315471130810327,-13.374771481299,26.4378682175181,-10.3552546375388,2.95525099626229,-1.98285675785758,9.85710436870888,12.7105407775321,-3.67472789608294
2023-Q4,-2.15760950900018,0.513826904664305,-1.23817589297493,-1.37328429855576,1.35075460098448,-4.14178306789089,-1.93503578036504,-2.01087995310747,15.7622886879357,-3.44149310273716,-2.05743480020402,-1.5708619354536,-0.624511052060169,10.4935332783538,4.96195695680637,3.04463508809356,-9.2468056498187,28.5563804544143,-8.39901609050559,1.67821048354515,-0.669987222646919,9.56717203632587,10.7167418581766,-1.79014886527538
2024-Q1,0.189038198172485,-1.72415592756317,-2.73043846260568,-1.48787339744958,-0.288216077054304,2.06169478851635,-2.23774346076694,-0.489489359017307,12.1125610814145,7.81707017218502,-4.15368252917114,0.680411673470496,-1.21822731999661,5.07648418838076,5.91344368490972,-5.73716901834402,-4.73016422695637,31.1594540578043,-6.92913563379513,4.51563877302487,-3.09522054277033,9.90148388336825,7.30949451453798,-2.11260170693278
2024-Q2,2.68921144295831,-2.29817054667273,-1.91790416665189,-3.8796646352206,-0.953130826180277,-3.0855704033264,-1.66492867998393,-2.19233437413419,20.3758662282165,4.59239489620789,-4.51603680478754,-1.34303699447152,-1.44422701704838,3.83682457939709,6.05233812998271,0.630021809213656,-5.5526020437037,27.2706089728111,-10.940588413318,1.56597144850836,1.26392128090929,14.4545244722482,13.3905588916414,-5.33820560613119
2024-Q3,1.05491757951562,-4.52384858254077,-4.54800054162846,4.63065545904831,-1.26971255801811,-3.96256127613751,-1.82697157483794,-0.80888454904964,22.9735384030473,1.24621420026005,6.23893162606321,-2.48184797183517,-0.913537835560639,3.31991038625754,7.96439240879826,0.296788221679416,-12.8246388294715,26.2923283630338,-11.7954492674401,-4.82737015425962,-2.23255730474435,8.15131892175505,4.22071646464361,-3.06033046873288
2024-Q4,0.715012920513449,-1.74005153042117,-4.44031724844886,-8.00004229790822,-0.124083693064632,-2.78026457735066,-2.3484743304729,-3.28277081680451,21.3710556424624,-0.381681680718275,-10.5534366728138,-1.55480329468679,-0.489802309776893,4.49858720942423,5.91153765970575,3.53801315643821,-7.9538390242946,25.0580244831248,-10.6440554836292,-3.99416261399911,1.01165601886428,9.32614559747016,7.41191326204715,-2.2835216576182
