Year,Algeria,Antigua and Barbuda,"Armenia, Rep. of",Australia,Austria,"Bahamas, The","Bahrain, Kingdom of",Belgium,Bulgaria,Burundi,Cameroon,Canada,Central African Rep.,Chile,"China, P.R.: Mainland",Colombia,"Congo, Dem. Rep. of the",Costa Rica,Côte d'Ivoire,"Croatia, Rep. of",Cyprus,Czech Rep.,Denmark,Dominica,Dominican Rep.,"Equatorial Guinea, Rep. of",Euro Area,"Fiji, Rep. of",Finland,France,Gabon,"Gambia, The",Georgia,Germany,Ghana,Greece,Grenada,Guyana,Hungary,Iceland,"Iran, Islamic Rep. of",Ireland,Israel,Italy,Japan,Latvia,"Lesotho, Kingdom of",Luxembourg,Malawi,Malaysia,Malta,Mexico,"Moldova, Rep. of",Morocco,"Netherlands, The",New Zealand,Nicaragua,Nigeria,"North Macedonia, Republic of",Norway,Samoa,Saudi Arabia,Sierra Leone,Singapore,Slovak Rep.,Solomon Islands,South Africa,Spain,St. Kitts and Nevis,St. Lucia,St. Vincent and the Grenadines,Sweden,Switzerland,Togo,Trinidad and Tobago,Tunisia,Uganda,Ukraine,United Kingdom,United States,Uruguay,"Venezuela, Rep. Bolivariana de",Zambia
1979,,128.01,,,97.79,,,118.19,,189.00,,93.98,,,,,,,,,,,98.54,109.63,,,,,112.74,,,,,121.25,,,92.49,,,139.60,208.36,82.66,93.92,,,,,110.40,,164.20,102.84,,,,111.23,85.27,,,,93.15,104.21,,,96.26,,130.61,151.22,,102.25,98.73,112.20,143.23,93.09,,76.66,226.79,,,119.27,,,,
1980,314.50,132.34,,92.32,97.87,101.12,174.72,113.03,,174.11,137.44,92.34,203.11,163.96,269.91,136.65,,141.13,132.22,,111.62,,91.90,112.04,143.71,,110.86,169.82,116.76,118.90,223.20,270.00,,114.65,664.84,83.98,96.22,826.89,,146.77,228.11,88.03,95.90,97.37,73.84,,204.11,107.81,200.42,158.31,108.32,120.83,,,107.42,84.52,,288.40,,94.57,110.44,240.88,266.43,95.92,,138.34,165.34,94.04,101.77,100.37,111.29,147.59,85.71,157.19,78.64,221.05,"2,202.83",,139.45,105.86,106.38,80.55,
1981,349.37,145.11,,100.26,94.67,106.26,193.46,105.03,,210.13,126.32,96.96,177.46,194.38,242.23,147.58,,76.91,113.64,,107.86,,87.58,121.09,146.10,,94.24,174.63,120.00,113.61,198.79,258.65,,104.84,"1,482.35",87.17,111.26,896.67,,153.05,271.82,87.42,97.63,93.82,78.93,,199.68,104.95,205.18,159.09,117.55,137.48,,,99.70,85.90,,320.85,,98.13,114.82,241.94,304.87,101.43,,147.63,174.13,88.72,105.14,110.16,117.66,147.74,85.00,155.86,86.56,221.09,"1,564.52",,143.84,116.70,120.52,90.33,
1982,365.46,149.89,,100.66,95.94,109.17,216.70,95.80,,231.33,123.50,103.49,174.56,175.32,231.09,157.23,,78.85,103.48,,105.34,,85.90,125.13,147.91,,92.61,175.33,123.46,108.46,200.58,259.89,,106.76,"1,851.27",90.45,118.10,"1,014.69",,140.37,318.16,94.35,102.18,94.93,71.57,,195.29,98.74,198.04,169.17,121.50,98.69,,,102.72,88.42,,329.05,,102.30,117.01,247.00,373.61,106.37,,151.97,165.00,88.54,108.00,113.00,121.89,133.04,89.97,149.41,95.94,220.02,542.94,,138.71,130.54,125.55,97.67,
1983,383.30,154.17,,98.60,95.95,112.43,224.68,94.72,,249.58,128.42,108.09,179.07,143.57,227.14,156.14,,95.49,96.72,,103.10,,86.64,133.14,141.28,,91.07,174.48,119.80,104.45,197.41,261.93,,107.42,"3,053.88",83.61,124.49,"1,186.13",,129.86,376.68,95.69,111.28,100.14,77.51,,205.53,98.87,202.33,177.14,118.34,86.97,,,101.30,85.29,,389.45,,101.47,107.34,244.48,444.71,107.69,,137.72,181.52,77.67,109.17,114.80,126.31,120.51,91.44,146.84,109.89,217.50,429.56,,127.39,136.65,78.15,103.45,
1984,417.56,162.38,,101.72,96.80,115.66,229.86,94.13,,231.51,130.69,106.06,168.77,142.37,202.45,145.57,,98.23,96.09,,102.15,,85.12,144.07,98.51,,87.26,176.90,123.79,102.73,189.46,248.90,,102.69,483.64,81.07,132.80,"1,221.13",,138.49,424.45,95.75,104.49,100.99,80.91,,203.28,99.38,214.70,184.04,116.78,101.88,,,97.88,79.15,,536.95,,99.88,102.80,239.62,561.24,109.44,,139.09,160.20,80.00,111.25,119.41,128.35,126.33,88.55,133.34,126.17,217.46,293.48,,121.83,145.07,76.27,72.87,
1985,449.84,160.80,,85.61,96.46,118.12,223.40,95.30,,236.68,136.59,102.30,179.93,120.46,171.85,127.27,,100.94,96.37,,102.31,,86.21,148.08,113.55,125.36,87.98,179.37,124.70,105.30,195.41,266.95,,99.94,351.60,78.43,132.93,"1,258.15",,137.24,252.00,97.12,102.42,100.59,82.93,,195.53,99.86,204.08,174.89,113.25,104.72,,,95.66,80.67,,482.79,,98.79,93.46,223.39,491.66,106.74,,126.93,121.58,81.51,110.85,116.39,127.12,129.05,86.89,127.53,131.92,215.00,384.39,,124.14,150.20,73.56,72.73,
1986,415.36,141.43,,74.88,100.68,114.28,182.01,99.25,,203.05,151.21,92.57,188.81,101.42,124.14,94.37,,93.29,115.43,,98.21,,91.72,137.37,104.03,105.52,103.25,161.32,123.89,109.08,212.78,191.86,,105.82,222.83,73.49,123.80,"1,190.56",,136.90,166.75,104.67,99.80,107.70,106.31,,194.00,100.56,182.64,146.84,107.18,73.14,,,101.03,81.57,311.23,263.80,,97.34,86.88,170.73,330.02,91.02,,107.31,112.22,86.72,106.97,109.40,125.02,128.24,92.70,137.27,91.27,184.56,401.15,,115.57,126.12,72.30,68.14,
1987,367.45,131.94,,74.72,103.42,111.91,157.35,102.38,,173.67,169.17,92.72,174.39,93.15,107.23,84.20,,89.43,128.37,,93.29,,95.90,130.31,85.05,91.27,110.48,137.08,127.00,110.37,209.00,202.26,,109.28,165.29,75.19,111.31,614.73,,148.03,185.14,102.91,96.75,110.85,111.97,,187.32,100.41,164.88,139.19,103.79,67.36,,,102.97,94.24,"2,784.22",84.01,,99.34,83.18,145.18,151.88,85.43,,92.93,126.73,90.26,100.40,107.34,119.28,127.90,96.25,136.36,84.58,147.83,511.85,,115.40,113.54,70.15,42.69,
1988,304.04,132.86,,82.66,103.11,110.69,145.82,100.14,,153.06,164.46,97.97,160.96,87.50,117.21,81.67,,84.34,131.36,,92.44,,95.93,125.45,71.24,87.44,106.02,116.97,131.43,108.40,180.86,222.34,,107.06,151.83,77.34,109.50,270.96,,155.73,217.52,101.16,106.72,109.97,118.71,,184.95,99.76,180.29,126.54,103.38,83.61,,102.70,101.05,101.12,39.61,85.31,,102.14,83.32,136.00,178.69,83.74,,95.69,120.61,94.52,95.16,101.77,115.11,131.78,95.05,129.41,79.95,132.87,470.45,,118.91,107.35,67.17,52.09,50.25
1989,260.80,136.20,,88.71,101.86,112.80,148.04,98.95,,155.15,151.75,104.96,154.07,89.88,136.37,78.53,,88.81,124.19,,90.68,,94.34,130.85,85.90,85.63,101.47,117.12,138.56,106.24,213.70,214.95,,104.68,142.04,78.24,115.03,218.29,,142.40,217.90,99.61,108.11,112.66,108.81,,185.42,99.53,187.80,124.38,101.09,89.74,,103.28,97.26,96.19,20.33,76.30,,101.68,80.63,137.78,156.54,87.52,,98.81,121.48,100.27,98.01,104.20,125.37,135.48,89.71,120.53,79.13,131.18,384.89,,117.15,111.00,69.34,41.71,65.00
1990,220.97,131.43,,86.56,103.68,109.38,135.96,103.19,,136.02,156.29,103.75,155.80,86.21,100.58,69.15,,87.64,126.23,,89.12,47.05,98.53,125.66,84.61,85.83,111.85,118.28,142.35,109.97,215.17,205.34,,107.82,141.76,82.67,106.69,154.23,,141.06,146.90,104.57,105.69,118.36,97.36,,180.95,101.07,186.95,119.14,97.36,91.93,,98.37,99.36,93.59,60.03,71.06,,100.93,84.62,127.30,116.09,93.04,45.91,90.65,125.04,107.30,94.26,99.32,122.58,140.88,96.05,124.79,81.08,127.87,245.09,,119.59,105.85,62.93,36.81,53.32
1991,131.79,133.10,,85.18,101.63,112.77,131.08,101.66,,139.25,149.11,106.69,144.31,88.27,88.35,69.46,,81.06,121.42,,88.70,43.11,94.67,127.54,85.36,78.96,107.93,121.64,135.48,105.85,167.57,197.26,,105.95,144.09,83.56,105.46,130.73,58.78,144.02,131.62,100.83,107.36,118.31,103.95,,193.18,100.68,198.09,115.72,95.05,100.78,,99.37,96.96,89.01,111.00,60.10,,97.23,77.46,127.39,117.31,96.07,44.39,92.93,129.96,107.90,93.78,100.67,117.40,146.78,95.38,118.52,81.12,130.45,179.97,,123.68,104.38,71.63,39.42,49.23
1992,135.16,131.07,,76.96,103.45,115.64,124.35,102.56,,121.63,150.01,97.84,141.50,93.28,84.59,77.17,251.17,85.75,126.50,,91.55,45.09,95.59,128.62,86.03,75.61,112.88,121.90,117.55,107.33,151.26,198.94,,110.92,127.06,85.99,104.44,143.36,64.03,144.39,72.41,103.33,104.61,116.48,107.04,,207.24,101.02,181.73,123.42,91.46,108.98,,99.87,98.59,79.79,130.66,49.78,,97.35,79.97,120.00,106.26,97.73,44.98,91.94,134.11,107.34,92.43,101.27,111.93,146.72,93.63,119.92,82.83,133.12,120.18,,120.23,101.80,76.84,40.97,47.01
1993,162.13,139.03,,71.64,106.17,118.16,130.50,102.48,51.84,119.03,139.53,91.47,132.82,95.11,90.00,81.79,339.30,88.41,124.22,,91.30,52.22,95.64,131.65,89.77,79.47,106.46,126.15,100.01,108.42,146.64,212.55,,115.26,110.85,86.55,110.07,155.86,69.30,133.53,54.61,96.50,103.22,98.11,125.30,60.16,206.81,101.24,185.34,124.15,86.38,117.17,,102.67,100.13,82.59,130.50,54.44,119.13,93.58,78.12,123.31,117.63,98.01,47.57,92.28,131.44,95.54,94.91,105.07,119.58,120.41,95.68,113.83,74.76,128.10,118.70,97.92,108.63,104.76,90.67,43.09,53.38
1994,139.99,117.05,33.46,75.22,106.84,113.54,125.98,104.17,45.82,123.41,90.26,83.56,83.19,98.44,70.56,92.09,305.09,87.68,76.97,,93.60,55.22,95.57,127.36,94.06,57.11,106.83,126.49,106.50,108.18,98.98,201.29,33.02,116.04,89.75,87.62,110.07,88.13,69.12,125.53,67.36,95.86,104.30,95.70,133.22,67.63,197.25,102.16,131.47,120.23,87.87,112.39,76.26,105.94,100.86,87.98,120.97,100.64,124.02,91.40,83.74,118.96,135.81,102.53,48.00,95.78,125.85,91.13,94.50,104.79,116.23,118.65,100.14,78.98,69.66,129.14,148.60,167.50,108.71,104.21,99.00,41.73,51.26
1995,117.35,113.44,52.00,73.53,110.91,106.90,120.14,107.99,53.92,130.37,96.99,80.83,98.30,104.39,78.64,93.70,237.01,89.40,88.52,,94.72,57.00,99.68,120.05,98.91,68.05,112.31,124.16,115.98,111.15,109.41,195.22,71.46,121.26,103.99,90.47,106.45,89.76,66.35,125.22,90.64,96.69,105.09,89.27,135.40,70.29,197.62,104.06,115.32,120.46,89.32,75.52,72.23,109.38,105.20,93.18,110.37,160.19,136.45,94.11,76.25,115.29,122.69,104.28,49.34,93.61,122.44,92.77,92.50,103.79,110.01,118.44,106.72,109.02,68.07,131.81,145.29,96.22,104.08,100.75,102.47,51.71,49.20
1996,119.57,115.40,70.87,80.38,108.34,107.23,119.45,105.23,46.24,134.33,98.01,81.67,100.05,106.93,86.36,99.29,234.20,89.55,88.57,,93.79,60.66,98.69,119.17,102.60,68.00,111.41,124.57,110.67,110.62,108.06,191.64,89.92,116.84,112.67,94.42,106.81,96.20,67.97,125.40,117.35,99.04,110.25,99.27,113.71,69.86,178.83,100.87,166.37,124.89,88.89,84.78,73.50,109.71,102.81,99.26,107.70,207.51,126.10,93.57,78.61,117.43,123.26,107.23,50.04,99.52,112.63,94.66,92.60,103.10,113.56,127.87,103.54,93.56,68.75,131.99,145.51,115.76,106.46,103.75,103.54,42.90,53.71
1997,129.08,115.39,69.87,79.97,103.68,111.72,127.32,98.93,56.78,158.94,97.02,80.89,96.51,114.76,93.01,105.55,223.39,90.67,86.65,92.56,92.22,61.58,95.53,119.73,102.50,62.83,100.56,128.46,105.76,105.24,106.25,197.69,94.03,110.22,120.25,94.11,107.84,98.77,71.40,127.62,146.08,91.67,115.35,98.78,106.98,76.10,179.13,96.40,173.19,120.69,89.90,97.61,84.79,109.34,97.08,101.33,105.19,236.03,109.84,94.21,83.68,122.72,141.00,108.56,52.91,108.47,119.07,90.49,99.76,102.37,114.67,120.90,95.36,94.28,67.27,131.38,152.50,136.52,123.34,108.86,107.14,54.79,62.20
1998,135.46,119.52,74.06,73.26,103.29,118.06,130.22,98.75,65.39,145.12,100.42,76.19,94.26,112.71,98.01,99.08,238.80,92.58,92.52,94.55,95.66,67.17,97.15,120.34,102.64,66.84,102.21,109.38,106.34,105.61,107.04,196.62,91.71,110.39,128.44,91.45,108.50,99.87,70.95,131.95,180.85,88.90,112.25,99.25,107.01,80.15,164.51,96.09,129.10,96.39,94.39,98.39,82.36,112.25,98.59,88.64,107.16,273.01,102.08,91.91,83.23,128.68,120.30,105.91,53.69,104.99,109.49,90.98,102.83,104.96,116.74,117.05,96.58,98.30,69.90,131.72,135.60,124.72,129.27,116.72,109.02,67.49,58.14
1999,125.23,116.99,72.75,73.51,101.50,115.21,126.38,97.02,66.94,119.41,99.36,75.26,90.17,107.35,92.68,89.90,368.33,90.25,91.54,90.00,93.77,66.00,96.75,119.63,98.99,63.81,98.40,109.52,105.39,102.53,102.04,192.06,78.49,106.92,117.86,91.43,109.31,89.92,72.51,133.48,219.52,85.56,106.80,97.99,118.90,88.61,150.74,95.00,129.75,97.25,92.51,106.79,62.83,112.25,97.41,84.80,111.46,69.20,102.89,91.49,78.13,123.28,142.58,98.69,52.28,108.91,103.56,90.38,104.86,105.93,116.53,113.83,94.75,94.11,71.05,132.70,123.41,98.41,129.12,115.56,114.43,76.99,58.22
2000,119.33,114.67,73.99,70.45,98.34,117.10,129.22,93.03,69.12,123.76,93.67,75.63,87.32,106.49,92.76,81.44,511.05,92.14,86.57,89.63,91.15,67.05,92.76,120.31,103.48,61.21,87.43,106.12,100.00,97.09,96.22,183.59,85.27,99.70,86.02,85.16,111.86,94.22,73.00,137.25,260.59,82.01,112.55,93.19,125.52,93.66,142.93,93.17,134.29,98.50,90.44,115.56,73.14,114.85,92.60,77.02,109.93,70.16,105.49,89.45,74.68,124.77,130.89,98.52,57.55,113.43,100.41,88.46,106.51,111.60,117.66,111.20,92.31,89.88,72.65,131.02,116.99,97.75,130.44,119.46,113.35,79.98,59.77
2001,123.12,116.98,73.03,67.57,98.49,120.49,133.14,93.64,72.44,118.73,96.83,73.41,89.20,95.93,96.77,78.88,246.00,95.84,89.65,93.02,92.06,71.23,93.73,121.93,108.25,64.32,88.56,107.48,100.65,96.78,96.35,158.55,85.22,99.69,93.35,86.17,112.47,94.47,78.73,120.24,296.35,84.89,111.45,94.46,111.77,91.55,123.36,93.69,145.15,103.34,91.44,123.04,75.78,110.20,95.10,75.60,110.30,78.18,103.08,92.58,76.93,126.86,142.84,99.04,58.65,122.40,88.66,90.11,107.75,116.76,119.07,101.93,94.70,91.54,76.77,128.92,114.11,108.02,127.28,126.23,110.58,85.06,68.36
2002,114.15,117.76,73.65,70.86,99.30,119.09,136.24,95.13,75.70,103.43,100.32,72.77,91.15,91.66,94.56,78.67,110.40,93.61,93.21,93.95,94.85,79.43,95.58,120.19,105.65,70.35,92.45,107.71,102.10,98.38,96.25,131.60,82.62,100.74,88.57,88.81,110.58,95.50,86.89,127.71,112.40,89.66,100.81,96.76,104.15,89.13,77.44,94.86,158.34,103.47,93.86,123.07,71.66,109.71,98.38,82.55,107.66,78.42,102.60,100.47,81.32,123.11,123.48,96.47,60.15,102.28,75.99,92.18,107.22,113.42,116.59,104.66,98.09,94.93,78.72,127.48,109.20,103.84,128.18,125.92,94.00,66.51,69.98
2003,103.01,114.08,67.94,79.37,102.80,113.04,125.68,99.72,78.92,84.46,103.54,80.96,97.19,86.21,88.38,68.96,91.07,87.56,99.68,94.55,101.52,78.03,100.51,117.54,79.92,82.36,104.45,115.18,107.08,103.77,100.92,95.26,78.05,106.15,91.04,94.71,106.13,92.29,89.16,135.96,70.55,99.03,95.73,102.89,105.05,85.03,111.21,98.37,110.67,97.88,98.91,110.21,67.87,108.88,104.36,93.80,100.72,73.67,104.53,99.97,80.47,112.73,102.10,93.08,68.30,89.14,98.68,96.76,102.92,108.14,108.12,111.62,98.38,98.33,77.38,121.31,95.83,95.51,122.95,118.00,73.59,57.75,61.94
2004,103.44,110.94,71.65,85.42,103.92,105.98,114.93,101.31,82.76,81.34,102.90,85.44,94.22,91.04,85.85,75.22,87.00,84.81,100.92,95.69,103.02,78.79,101.40,112.81,79.96,87.94,108.42,117.41,107.02,105.54,100.90,93.82,83.37,107.65,94.18,96.30,102.28,88.15,94.88,140.06,70.30,101.89,89.88,104.64,106.08,85.77,128.76,99.42,98.74,93.48,102.80,105.98,77.68,106.99,105.31,100.25,96.94,75.32,103.01,95.81,89.81,104.85,91.35,92.03,74.79,87.30,104.60,98.70,98.44,102.96,103.47,112.18,97.36,99.10,76.00,116.75,99.43,93.53,127.77,112.40,72.46,55.76,65.13
2005,101.67,108.34,80.09,87.97,102.87,102.05,109.12,101.05,83.05,89.06,99.83,90.54,93.37,96.33,84.92,84.79,85.23,84.70,101.13,96.83,102.38,83.17,100.14,107.86,106.86,89.64,105.40,116.88,103.84,104.03,101.76,99.67,88.83,105.22,103.57,96.09,101.16,89.95,96.22,156.98,72.16,101.54,87.58,102.83,99.46,83.95,130.40,99.26,100.56,93.30,101.60,109.80,79.27,104.05,103.81,105.75,95.83,86.27,100.12,99.03,88.92,101.52,92.81,90.61,76.68,89.22,104.48,99.13,95.98,101.65,101.35,107.19,95.48,100.76,77.30,111.06,104.14,103.25,125.43,110.84,81.10,54.59,80.42
2006,101.24,106.16,87.01,87.24,102.01,101.07,111.99,100.61,86.65,91.72,101.47,95.53,96.74,100.14,86.26,83.09,93.92,85.30,100.89,98.31,101.73,87.62,99.73,106.12,100.52,91.08,104.46,114.71,102.48,103.36,97.91,99.21,93.96,104.26,110.05,96.65,101.39,92.31,91.63,145.74,73.84,103.46,87.17,102.44,90.05,86.42,128.38,99.80,97.17,96.29,102.18,109.90,81.42,104.53,102.44,98.08,96.14,91.44,99.93,98.74,88.97,99.69,96.08,91.83,81.07,95.70,98.53,100.46,100.04,101.38,100.09,106.39,92.90,99.39,80.44,108.29,104.36,107.55,126.18,109.93,81.74,57.81,105.62
2007,99.87,98.22,99.44,92.33,102.57,99.42,105.09,101.42,91.66,86.69,102.10,98.59,97.72,97.52,89.33,92.33,91.38,86.52,102.59,98.80,100.94,90.04,100.40,102.68,100.68,94.26,106.86,117.05,103.95,103.88,102.32,107.56,97.26,105.77,109.41,97.89,98.70,94.87,101.99,153.63,77.51,109.06,88.20,103.08,82.48,92.80,126.65,100.71,95.15,98.08,103.69,108.37,87.73,103.61,103.14,104.91,94.21,90.53,99.66,98.91,90.04,96.60,96.65,92.25,89.61,94.06,92.01,102.02,98.68,97.93,98.18,107.77,89.04,99.81,81.89,104.62,107.94,108.36,128.27,104.89,81.41,63.35,97.62
2008,102.23,95.38,107.86,90.37,102.74,98.41,97.84,104.15,99.66,89.03,105.01,95.99,104.39,98.26,97.01,95.44,92.59,89.12,107.06,102.30,103.76,103.50,101.74,100.04,99.76,96.88,108.97,119.69,105.68,104.49,105.76,113.74,107.69,105.88,104.35,99.46,98.98,94.43,104.89,120.23,87.48,113.20,98.34,103.93,88.62,102.22,117.44,101.81,97.98,97.79,105.33,106.07,104.07,103.35,103.66,97.49,97.82,99.56,103.90,99.05,92.75,94.30,101.43,97.01,97.62,100.54,80.38,103.91,97.47,97.36,99.14,105.20,92.52,104.51,86.78,103.33,111.29,117.50,111.77,100.44,88.24,75.95,112.59
2009,100.26,99.84,99.24,87.59,103.59,101.09,102.44,104.21,103.88,96.82,106.47,91.57,106.63,95.13,101.11,90.45,96.26,90.28,107.36,102.94,104.68,99.33,104.46,101.25,99.58,100.53,109.81,104.88,106.70,104.54,106.55,102.80,104.58,106.46,94.76,100.77,100.63,100.11,98.98,96.68,99.01,107.74,95.83,105.07,99.54,108.01,95.49,102.63,107.25,94.94,106.30,92.78,106.69,104.82,105.12,91.34,106.95,92.64,103.71,96.55,100.01,100.71,103.67,97.03,104.78,107.87,87.47,103.78,101.71,99.90,102.52,94.80,96.09,107.21,94.83,102.52,108.35,97.92,100.31,104.70,90.09,99.06,95.62
2010,100.00,100.00,100.00,100.00,100.00,100.00,100.00,100.00,100.00,100.00,100.00,100.00,100.00,100.00,100.00,100.00,100.00,100.00,100.00,100.00,100.00,100.00,100.00,100.00,100.00,100.00,100.00,100.00,100.00,100.00,100.00,100.00,100.00,100.00,100.00,100.00,100.00,100.00,100.00,100.00,100.00,100.00,100.00,100.00,100.00,100.00,100.00,100.00,100.00,100.00,100.00,100.00,100.00,100.00,100.00,100.00,100.00,100.00,100.00,100.00,100.00,100.00,100.00,100.00,100.00,100.00,100.00,100.00,100.00,100.00,100.00,100.00,100.00,100.00,100.00,100.00,100.00,100.00,100.00,100.00,100.00,100.00,100.00
2011,99.12,96.67,99.86,106.96,100.26,99.34,93.13,100.75,101.45,100.79,100.22,101.56,98.41,100.71,102.69,100.15,105.48,101.82,102.20,97.49,100.06,101.87,99.23,95.20,96.42,102.30,99.52,103.81,99.81,99.21,98.16,92.48,108.44,98.90,94.62,100.73,97.06,97.76,99.75,100.92,114.12,100.23,101.17,99.87,101.13,102.07,99.68,100.65,96.75,99.83,99.73,99.80,104.96,97.50,99.41,104.19,95.89,100.50,100.81,100.39,102.44,96.53,102.00,105.17,100.89,102.47,98.26,100.40,100.38,97.39,96.78,105.84,109.47,100.69,98.70,97.80,94.10,99.39,99.83,95.01,102.07,70.80,97.16
2012,103.91,100.74,95.06,109.02,98.39,99.27,95.70,98.48,100.02,102.64,96.43,101.07,97.45,102.90,108.67,105.29,107.21,106.19,97.31,95.41,97.37,98.41,96.67,95.54,96.33,99.39,94.35,105.86,96.99,96.01,94.78,88.99,110.34,95.24,88.23,97.49,97.71,99.27,97.03,99.83,126.74,95.64,95.98,97.75,99.89,98.80,95.40,98.80,78.52,99.52,95.24,96.63,110.05,95.38,96.69,107.70,97.43,110.50,100.00,99.60,103.27,99.28,118.11,110.04,100.11,111.13,92.42,97.97,101.04,100.19,99.76,105.12,105.34,96.35,107.32,96.38,104.96,101.46,103.40,97.37,104.81,84.99,99.71
2013,101.80,99.97,96.85,103.48,100.50,98.70,97.62,100.20,100.89,100.63,98.95,97.50,105.19,101.36,114.65,101.34,108.05,110.57,100.46,96.81,97.38,96.44,97.70,94.42,93.58,102.65,97.67,105.66,99.02,97.33,95.82,81.46,107.15,97.61,88.49,96.50,96.49,99.19,96.01,104.01,123.46,97.43,102.34,99.51,79.64,98.51,86.34,100.57,65.33,99.01,97.13,102.24,106.71,97.01,99.81,110.03,97.24,117.55,102.21,98.12,102.78,101.56,126.84,112.06,101.40,118.46,82.10,99.76,100.41,100.56,98.56,106.44,103.62,98.20,111.21,93.55,106.02,97.99,102.08,97.56,111.09,83.24,103.03
2014,102.92,100.31,100.98,98.34,101.82,99.03,98.92,99.95,100.17,104.33,99.75,91.52,119.87,91.88,118.36,95.88,109.46,106.42,100.69,95.82,96.59,90.86,98.45,94.08,91.69,106.74,98.09,103.87,100.56,97.35,99.28,73.60,106.34,98.27,69.47,94.85,93.61,98.49,92.13,111.11,91.78,96.54,103.17,99.34,74.59,99.88,81.54,100.79,70.64,97.96,96.49,101.14,102.67,97.08,100.35,112.96,97.35,124.84,101.70,93.19,101.47,103.80,131.79,111.34,101.37,124.55,77.10,99.25,99.84,102.85,97.96,100.78,104.26,99.46,117.23,93.48,107.72,76.81,108.73,99.20,106.82,128.96,98.43
2015,96.57,110.35,104.00,89.82,98.33,102.26,105.75,94.51,97.08,117.52,93.54,83.27,112.64,90.99,130.04,77.58,121.61,114.75,93.76,92.63,88.19,88.61,94.43,97.32,94.26,99.88,89.26,105.63,96.10,92.04,92.68,72.74,98.32,92.50,68.19,89.31,96.41,103.70,88.32,113.76,97.80,88.40,101.84,93.83,69.42,98.15,78.33,97.12,79.82,89.57,89.55,90.62,99.12,96.84,95.96,105.13,102.08,119.86,98.14,84.25,103.49,113.58,142.63,108.32,97.60,127.70,75.24,93.87,103.38,106.32,103.70,93.24,110.48,94.47,131.08,97.49,101.21,71.56,113.76,109.91,107.38,309.75,86.74
2016,95.58,111.70,102.62,91.00,99.88,101.28,108.97,97.41,97.30,118.90,95.51,81.71,118.76,92.64,123.89,74.19,118.31,113.97,94.83,92.95,87.45,90.96,95.82,97.92,93.69,101.68,91.34,110.16,97.38,93.02,93.73,88.14,99.16,94.08,78.26,89.52,98.67,106.30,88.99,128.56,100.24,89.49,103.52,94.65,78.92,99.72,73.90,98.09,69.10,86.56,91.22,79.01,101.81,98.98,97.32,106.20,102.26,110.86,98.32,84.75,104.66,117.27,130.05,108.27,98.25,128.63,70.67,94.67,103.70,104.15,104.44,93.94,108.16,95.91,129.37,92.50,98.00,71.93,102.51,114.57,108.80,741.70,85.67
2017,97.80,111.54,99.32,93.78,100.99,100.86,109.42,98.85,98.55,129.21,96.33,82.93,122.64,95.82,120.26,77.42,104.10,108.54,95.13,93.60,87.53,94.87,96.32,96.07,90.79,101.94,92.68,112.25,96.78,93.50,95.83,89.64,96.90,94.90,77.71,89.94,97.79,106.74,90.77,144.15,101.29,89.85,108.44,95.43,75.15,100.42,80.19,98.92,72.31,85.12,92.22,80.96,112.94,98.64,97.94,107.90,98.53,101.45,98.60,85.54,103.78,114.90,111.92,107.06,98.42,127.46,79.65,95.96,102.23,102.20,104.10,93.12,106.10,95.38,126.52,84.40,95.53,76.23,97.30,114.34,115.72,,94.22
2018,93.52,108.19,98.90,89.96,102.85,100.48,108.38,101.27,101.85,117.99,97.76,82.43,126.01,97.14,121.80,78.27,118.08,106.12,96.21,95.28,89.20,99.25,97.34,94.13,87.80,104.34,96.25,113.35,98.63,95.57,101.15,88.88,97.14,97.05,76.65,90.49,95.60,104.96,90.29,140.45,116.41,90.71,106.28,96.91,74.48,103.29,81.69,100.32,77.92,88.66,93.52,80.92,122.97,99.42,99.83,103.32,95.94,109.90,99.80,85.98,104.85,113.96,100.71,106.31,100.59,126.91,80.83,97.85,98.46,101.65,102.95,89.26,103.23,96.86,124.69,79.22,92.13,80.47,99.04,113.21,117.50,,88.53
2019,95.45,111.83,102.30,86.03,101.73,102.05,110.78,99.80,102.38,114.16,96.75,81.72,125.25,92.52,121.18,73.65,124.79,106.74,92.28,94.08,87.48,99.59,95.55,96.05,86.97,102.05,93.39,113.96,96.99,93.90,100.58,93.38,92.49,95.47,73.50,88.67,96.43,106.88,89.08,130.63,128.70,88.06,109.16,94.57,76.62,103.25,79.94,99.60,87.90,87.48,91.81,83.54,125.59,100.20,99.81,101.68,96.01,124.19,98.27,83.61,105.61,112.94,104.00,106.53,100.82,127.50,78.27,95.94,98.23,102.59,105.65,85.70,104.19,94.42,126.77,78.39,95.48,93.07,98.60,116.45,113.79,,79.80
2020,91.22,111.15,100.13,85.32,103.68,100.50,107.22,101.21,105.34,116.30,99.70,80.84,127.92,84.96,123.64,67.99,126.26,107.86,95.72,92.85,87.63,100.25,96.68,94.25,81.39,108.22,95.16,108.28,98.25,94.94,103.22,94.50,87.95,96.35,74.64,87.62,94.71,107.36,85.67,120.10,167.31,88.09,111.49,95.09,77.31,104.52,75.14,100.99,93.91,84.40,92.85,77.10,132.03,100.95,101.88,100.88,95.97,119.51,99.62,78.12,102.50,115.79,107.27,103.58,103.14,129.86,71.05,96.36,96.02,99.57,103.53,87.71,108.18,96.30,127.98,85.20,97.21,91.81,98.80,118.00,108.54,,66.45
2021,86.80,105.89,95.30,90.53,103.99,97.55,102.30,101.39,106.74,116.69,99.84,84.76,130.70,87.86,127.32,65.81,118.31,97.99,97.59,92.76,87.72,104.89,95.97,90.90,81.64,105.85,95.69,103.54,97.81,94.42,102.12,94.51,87.44,97.14,74.30,86.05,90.30,107.41,86.10,124.93,230.05,88.25,114.34,94.92,70.69,104.97,81.70,101.17,89.51,83.28,93.13,81.65,128.40,101.65,102.10,107.61,93.03,117.03,100.43,83.09,101.45,113.55,106.72,103.35,103.72,124.76,77.65,97.27,91.50,95.55,99.57,90.27,105.52,97.83,123.96,85.84,98.71,93.94,102.61,115.62,106.20,,69.79
2022,92.18,112.07,108.73,90.74,102.61,96.04,106.68,100.97,111.89,134.28,96.75,84.16,125.74,84.77,125.85,62.71,128.50,99.75,92.77,92.96,86.54,115.14,94.22,94.21,88.66,98.93,91.79,101.57,94.28,90.04,97.24,99.32,103.07,93.64,71.27,85.30,88.16,110.59,82.14,128.43,334.49,85.20,114.68,93.04,60.98,108.88,80.17,98.18,93.13,82.06,89.20,85.97,154.00,97.79,102.16,105.45,97.04,133.16,104.52,80.84,108.10,118.24,103.44,109.59,106.16,132.15,75.96,96.18,89.06,96.26,103.68,84.78,105.78,95.80,128.62,86.38,102.81,94.22,101.16,126.57,117.98,,90.91
2023,101.59,111.35,117.12,90.22,106.31,96.56,104.53,102.28,117.35,135.55,104.64,81.15,128.27,92.31,115.56,66.55,126.62,114.78,96.67,96.26,87.94,125.27,94.74,94.22,88.35,100.60,96.32,101.62,97.95,91.74,100.65,102.54,112.98,96.75,71.20,85.77,87.78,110.14,94.75,131.42,475.32,88.73,105.71,95.67,57.99,114.81,74.64,98.33,98.79,79.92,92.22,100.04,170.43,99.14,102.98,105.52,98.58,115.50,109.31,73.90,114.47,119.00,94.79,117.52,112.57,135.49,69.70,96.43,89.59,97.21,104.28,83.14,109.09,103.23,129.77,88.37,107.55,89.22,103.71,127.33,127.30,,84.28
